"IDS_CUSTOMER","DESC_CUSTOMER","ID_COUNTRY","ID_AREA_MANAGER"
"00000-690719","CUSTOMER 00000-690719","FR","4F7"
"00000-703897","CUSTOMER 00000-703897","ES","443"
"00000-728589","CUSTOMER 00000-728589","US","4CT"
"00405-209362","CUSTOMER 00405-209362","IT","A12"
"00405-211021","CUSTOMER 00405-211021","IT","A12"
"00040-610624","CUSTOMER 00040-610624","NL","423"
"00000-610624","CUSTOMER 00000-610624","NL","4F2"
"00000-615382","CUSTOMER 00000-615382","US","4CT"
"00000-643268","CUSTOMER 00000-643268","US","4CR"
"00000-659986","CUSTOMER 00000-659986","CA","4CO"
"80640-207312","CUSTOMER 80640-207312","CA","4E3"
"00040-653678","CUSTOMER 00040-653678","CZ","408"
"80640-649636","CUSTOMER 80640-649636","US","4X4"
"00000-632437","CUSTOMER 00000-632437","US","4CS"
"80640-632482","CUSTOMER 80640-632482","US","4CU"
"00000-632468","CUSTOMER 00000-632468","US","4CN"
"80640-632475","CUSTOMER 80640-632475","US","4E2"
"00000-685921","CUSTOMER 00000-685921","US","4CL"
"80640-651917","CUSTOMER 80640-651917","US","4D9"
"00000-667754","CUSTOMER 00000-667754","US","4C2"
"80640-1027012","CUSTOMER 80640-1027012","CA","4D6"
"80640-1042349","CUSTOMER 80640-1042349","US","4CS"
"00040-1013964","CUSTOMER 00040-1013964","IT","499"
"00040-1088336","CUSTOMER 00040-1088336","NL","423"
"00040-1014350","CUSTOMER 00040-1014350","IT","499"
"80640-1028030","CUSTOMER 80640-1028030","US","4D9"
"00405-217510","CUSTOMER 00405-217510","N/A","ATO"
"80640-489002","CUSTOMER 80640-489002","US","4E2"
"00000-367779","CUSTOMER 00000-367779","US","4C1"
"80640-473181","CUSTOMER 80640-473181","US","4X4"
"00000-493761","CUSTOMER 00000-493761","US","4C1"
"80640-493761","CUSTOMER 80640-493761","US","4X4"
"00040-496298","CUSTOMER 00040-496298","FR","4N1"
"00000-494987","CUSTOMER 00000-494987","FR","4F7"
"00405-11871","CUSTOMER 00405-11871","IT","A66"
"00405-222568","CUSTOMER 00405-222568","IT","A12"
"80640-1027348","CUSTOMER 80640-1027348","CA","4D6"
"80640-1017550","CUSTOMER 80640-1017550","US","4X4"
"00040-1083212","CUSTOMER 00040-1083212","FR","4N1"
"00040-1011720","CUSTOMER 00040-1011720","FR","4N1"
"00416-39276","CUSTOMER 00416-39276","IT","499"
"00416-40008","CUSTOMER 00416-40008","FR","4F7"
"00040-63102","CUSTOMER 00040-63102","DE","448"
"00040-64100","CUSTOMER 00040-64100","DE","448"
"00040-64563","CUSTOMER 00040-64563","FR","430"
"00040-39918","CUSTOMER 00040-39918","DE","448"
"00040-47887","CUSTOMER 00040-47887","FR","4N1"
"00040-48140","CUSTOMER 00040-48140","FR","4N1"
"00040-48153","CUSTOMER 00040-48153","FR","4N1"
"00040-53520","CUSTOMER 00040-53520","IT","4N4"
"00040-69523","CUSTOMER 00040-69523","IT","4N4"
"00040-70533","CUSTOMER 00040-70533","DE","448"
"00040-324198","CUSTOMER 00040-324198","BE","423"
"00040-41717","CUSTOMER 00040-41717","DE","448"
"00040-255827","CUSTOMER 00040-255827","FR","4N1"
"00040-76292","CUSTOMER 00040-76292","IT","499"
"00000-343209","CUSTOMER 00000-343209","US","4C1"
"00000-347833","CUSTOMER 00000-347833","US","N/A"
"00040-383414","CUSTOMER 00040-383414","IT","4N4"
"00000-450775","CUSTOMER 00000-450775","US","407"
"80640-450775","CUSTOMER 80640-450775","US","4X4"
"00000-443770","CUSTOMER 00000-443770","US","415"
"80640-443770","CUSTOMER 80640-443770","US","4D9"
"00000-444800","CUSTOMER 00000-444800","US","407"
"80640-444800","CUSTOMER 80640-444800","US","4CU"
"00000-445011","CUSTOMER 00000-445011","DE","N/A"
"00000-441486","CUSTOMER 00000-441486","US","415"
"80640-441486","CUSTOMER 80640-441486","US","4D9"
"00000-446659","CUSTOMER 00000-446659","US","415"
"00000-453982","CUSTOMER 00000-453982","US","415"
"80640-453982","CUSTOMER 80640-453982","US","4D9"
"00000-438233","CUSTOMER 00000-438233","US","415"
"80640-438233","CUSTOMER 80640-438233","US","4X4"
"00000-450044","CUSTOMER 00000-450044","US","415"
"00000-379487","CUSTOMER 00000-379487","IT","430"
"00000-373190","CUSTOMER 00000-373190","GB","445"
"00000-10277","CUSTOMER 00000-10277","IT","430"
"00000-459504","CUSTOMER 00000-459504","US","407"
"80640-459504","CUSTOMER 80640-459504","US","4CU"
"00000-460670","CUSTOMER 00000-460670","US","4C1"
"00416-456235","CUSTOMER 00416-456235","IT","499"
"00000-454403","CUSTOMER 00000-454403","DE","4F2"
"00040-454403","CUSTOMER 00040-454403","DE","448"
"00040-659986","CUSTOMER 00040-659986","CA","4D6"
"00000-758559","CUSTOMER 00000-758559","US","4CO"
"00000-758934","CUSTOMER 00000-758934","US","4CT"
"00000-821997","CUSTOMER 00000-821997","US","4CS"
"00040-1057531","CUSTOMER 00040-1057531","IT","499"
"80640-1048669","CUSTOMER 80640-1048669","CA","4E1"
"00000-461981","CUSTOMER 00000-461981","DE","448"
"00040-461981","CUSTOMER 00040-461981","DE","448"
"00000-454567","CUSTOMER 00000-454567","US","415"
"80640-454567","CUSTOMER 80640-454567","US","4X4"
"00000-455791","CUSTOMER 00000-455791","FR","4F7"
"00040-455791","CUSTOMER 00040-455791","FR","4N1"
"00000-462944","CUSTOMER 00000-462944","US","407"
"00000-456235","CUSTOMER 00000-456235","IT","499"
"00040-456235","CUSTOMER 00040-456235","IT","4N4"
"80640-462944","CUSTOMER 80640-462944","US","4X4"
"00000-457458","CUSTOMER 00000-457458","US","407"
"80640-457458","CUSTOMER 80640-457458","US","4CS"
"00000-117909","CUSTOMER 00000-117909","IT","430"
"00000-11142","CUSTOMER 00000-11142","IT","400"
"00000-11501","CUSTOMER 00000-11501","IT","430"
"00000-11503","CUSTOMER 00000-11503","IT","430"
"00000-11505","CUSTOMER 00000-11505","IT","430"
"00000-11507","CUSTOMER 00000-11507","IT","430"
"00000-11500","CUSTOMER 00000-11500","IT","430"
"00000-11506","CUSTOMER 00000-11506","IT","430"
"00000-118968","CUSTOMER 00000-118968","DE","4F2"
"80640-1049786","CUSTOMER 80640-1049786","CA","4D6"
"80640-1064230","CUSTOMER 80640-1064230","US","4CT"
"00000-39918","CUSTOMER 00000-39918","DE","4F2"
"00000-39323","CUSTOMER 00000-39323","DE","4F2"
"00000-39325","CUSTOMER 00000-39325","DE","4F2"
"00000-39327","CUSTOMER 00000-39327","DE","4F2"
"00000-42576","CUSTOMER 00000-42576","IT","430"
"00000-42581","CUSTOMER 00000-42581","IT","430"
"00000-39329","CUSTOMER 00000-39329","DE","4F2"
"00000-39330","CUSTOMER 00000-39330","DE","4F2"
"00000-42589","CUSTOMER 00000-42589","IT","430"
"00000-42682","CUSTOMER 00000-42682","FR","429"
"00000-42684","CUSTOMER 00000-42684","FR","429"
"00000-42686","CUSTOMER 00000-42686","FR","429"
"00000-53520","CUSTOMER 00000-53520","IT","430"
"80630-181998","CUSTOMER 80630-181998","US","3DM"
"00420-248916","CUSTOMER 00420-248916","IT","N/A"
"00420-248918","CUSTOMER 00420-248918","IT","431"
"00420-272709","CUSTOMER 00420-272709","IT","431"
"00040-443770","CUSTOMER 00040-443770","N/A","4D9"
"00000-659309","CUSTOMER 00000-659309","CZ","408"
"00040-632482","CUSTOMER 00040-632482","N/A","4CU"
"00040-632475","CUSTOMER 00040-632475","N/A","4D3"
"00040-348781","CUSTOMER 00040-348781","N/A","4D3"
"00000-644312","CUSTOMER 00000-644312","CA","4CT"
"00000-647035","CUSTOMER 00000-647035","US","4CA"
"00000-653678","CUSTOMER 00000-653678","CZ","408"
"80640-632437","CUSTOMER 80640-632437","US","4CS"
"00000-632482","CUSTOMER 00000-632482","US","4CU"
"80640-632468","CUSTOMER 80640-632468","US","4G1"
"00000-632475","CUSTOMER 00000-632475","US","4CL"
"00000-197318","CUSTOMER 00000-197318","AT","422"
"80640-851746","CUSTOMER 80640-851746","US","4X4"
"00040-878097","CUSTOMER 00040-878097","CZ","408"
"80640-829680","CUSTOMER 80640-829680","CA","4E1"
"00000-829680","CUSTOMER 00000-829680","CA","4CO"
"80640-779061","CUSTOMER 80640-779061","CA","4E1"
"00000-723425","CUSTOMER 00000-723425","PT","443"
"80640-777122","CUSTOMER 80640-777122","US","4X4"
"00000-837745","CUSTOMER 00000-837745","US","4C2"
"00000-785379","CUSTOMER 00000-785379","CA","4CK"
"80640-883418","CUSTOMER 80640-883418","US","4X4"
"00000-759608","CUSTOMER 00000-759608","US","4CN"
"80640-869051","CUSTOMER 80640-869051","CA","4D4"
"00000-753453","CUSTOMER 00000-753453","IT","424"
"00000-777122","CUSTOMER 00000-777122","US","4CW"
"80640-837745","CUSTOMER 80640-837745","US","4X4"
"80640-867201","CUSTOMER 80640-867201","US","4G1"
"80640-804072","CUSTOMER 80640-804072","US","4CS"
"00601-45887","CUSTOMER 00601-45887","IT","6MR"
"80640-759489","CUSTOMER 80640-759489","US","4X4"
"00000-571093","CUSTOMER 00000-571093","US","4CG"
"00000-473181","CUSTOMER 00000-473181","US","415"
"80640-367779","CUSTOMER 80640-367779","US","4C1"
"00040-207329","CUSTOMER 00040-207329","CA","4M2"
"00000-493437","CUSTOMER 00000-493437","US","4C1"
"00040-496277","CUSTOMER 00040-496277","FR","4N1"
"00040-496260","CUSTOMER 00040-496260","FR","4N1"
"80640-496704","CUSTOMER 80640-496704","US","4CS"
"00000-496704","CUSTOMER 00000-496704","US","407"
"00040-494987","CUSTOMER 00040-494987","FR","4N1"
"00040-207312","CUSTOMER 00040-207312","CA","4D4"
"00000-432916","CUSTOMER 00000-432916","US","407"
"00000-432929","CUSTOMER 00000-432929","US","415"
"00000-432924","CUSTOMER 00000-432924","US","415"
"00000-432928","CUSTOMER 00000-432928","US","407"
"00000-433455","CUSTOMER 00000-433455","IT","4M1"
"00000-435055","CUSTOMER 00000-435055","IT","430"
"00000-435127","CUSTOMER 00000-435127","IT","430"
"00000-273902","CUSTOMER 00000-273902","IT","N/A"
"00000-266841","CUSTOMER 00000-266841","US","N/A"
"00000-246212","CUSTOMER 00000-246212","US","N/A"
"00000-248685","CUSTOMER 00000-248685","IT","430"
"00000-248916","CUSTOMER 00000-248916","IT","N/A"
"00000-248918","CUSTOMER 00000-248918","IT","430"
"00000-249238","CUSTOMER 00000-249238","US","415"
"00000-265943","CUSTOMER 00000-265943","US","N/A"
"00000-293880","CUSTOMER 00000-293880","US","4C1"
"00000-292034","CUSTOMER 00000-292034","US","415"
"00000-295569","CUSTOMER 00000-295569","US","N/A"
"00000-266828","CUSTOMER 00000-266828","IT","4M1"
"00000-282994","CUSTOMER 00000-282994","US","4C1"
"00000-288601","CUSTOMER 00000-288601","CA","N/A"
"00000-289001","CUSTOMER 00000-289001","US","4C1"
"00000-275550","CUSTOMER 00000-275550","CZ","429"
"00000-279943","CUSTOMER 00000-279943","DE","N/A"
"00000-435243","CUSTOMER 00000-435243","NL","N/A"
"00000-437215","CUSTOMER 00000-437215","FR","4F7"
"00040-437215","CUSTOMER 00040-437215","FR","4N1"
"00000-433112","CUSTOMER 00000-433112","US","407"
"00000-433114","CUSTOMER 00000-433114","US","415"
"00000-433116","CUSTOMER 00000-433116","US","407"
"00000-433118","CUSTOMER 00000-433118","US","415"
"00000-433113","CUSTOMER 00000-433113","US","407"
"00000-433115","CUSTOMER 00000-433115","US","407"
"00000-433117","CUSTOMER 00000-433117","US","415"
"00000-433119","CUSTOMER 00000-433119","US","415"
"80640-433113","CUSTOMER 80640-433113","US","4X4"
"80640-433117","CUSTOMER 80640-433117","US","4CT"
"80640-433119","CUSTOMER 80640-433119","US","4D7"
"80640-433112","CUSTOMER 80640-433112","US","4X4"
"80640-433114","CUSTOMER 80640-433114","US","4X4"
"80640-433116","CUSTOMER 80640-433116","US","4X4"
"80640-433118","CUSTOMER 80640-433118","US","4X4"
"80640-432924","CUSTOMER 80640-432924","US","4D9"
"80640-432928","CUSTOMER 80640-432928","US","4CS"
"80640-432916","CUSTOMER 80640-432916","US","4X4"
"80640-432929","CUSTOMER 80640-432929","US","4D9"
"00000-436295","CUSTOMER 00000-436295","IT","430"
"00000-436299","CUSTOMER 00000-436299","IT","430"
"00000-436303","CUSTOMER 00000-436303","IT","430"
"00000-436296","CUSTOMER 00000-436296","IT","430"
"00040-436295","CUSTOMER 00040-436295","IT","499"
"00000-267084","CUSTOMER 00000-267084","FR","N/A"
"00000-249269","CUSTOMER 00000-249269","US","4C1"
"00000-249473","CUSTOMER 00000-249473","US","N/A"
"00000-220645","CUSTOMER 00000-220645","DE","4F2"
"00000-217510","CUSTOMER 00000-217510","IT","N/A"
"00000-76292","CUSTOMER 00000-76292","IT","430"
"00000-247315","CUSTOMER 00000-247315","DE","422"
"00000-244927","CUSTOMER 00000-244927","US","N/A"
"00000-280572","CUSTOMER 00000-280572","US","N/A"
"00000-288600","CUSTOMER 00000-288600","CA","N/A"
"00000-380153","CUSTOMER 00000-380153","CA","4C2"
"00000-39928","CUSTOMER 00000-39928","DE","422"
"00000-39953","CUSTOMER 00000-39953","AT","422"
"00000-39322","CUSTOMER 00000-39322","DE","448"
"00000-39324","CUSTOMER 00000-39324","DE","4F2"
"00000-39326","CUSTOMER 00000-39326","DE","4F2"
"00000-39328","CUSTOMER 00000-39328","DE","4F2"
"00000-39331","CUSTOMER 00000-39331","DE","4F2"
"00000-39333","CUSTOMER 00000-39333","DE","4F2"
"00000-229076","CUSTOMER 00000-229076","US","N/A"
"00000-209362","CUSTOMER 00000-209362","IT","N/A"
"00040-10277","CUSTOMER 00040-10277","IT","499"
"00040-108971","CUSTOMER 00040-108971","DE","448"
"00040-11142","CUSTOMER 00040-11142","IT","400"
"00405-11501","CUSTOMER 00405-11501","IT","A5"
"00405-11503","CUSTOMER 00405-11503","IT","A9"
"00405-11505","CUSTOMER 00405-11505","IT","A6"
"00405-11507","CUSTOMER 00405-11507","IT","A2"
"00000-11871","CUSTOMER 00000-11871","IT","430"
"00000-11936","CUSTOMER 00000-11936","BE","429"
"00000-66308","CUSTOMER 00000-66308","DE","4F2"
"00000-69523","CUSTOMER 00000-69523","IT","499"
"00000-759489","CUSTOMER 00000-759489","US","4CT"
"00040-753453","CUSTOMER 00040-753453","IT","4N4"
"00000-794342","CUSTOMER 00000-794342","US","4CO"
"80640-950943","CUSTOMER 80640-950943","US","4CS"
"80640-949500","CUSTOMER 80640-949500","US","4D9"
"00040-916920","CUSTOMER 00040-916920","IT","4N4"
"80640-938789","CUSTOMER 80640-938789","CA","4D6"
"80640-929382","CUSTOMER 80640-929382","US","4D1"
"80640-332618","CUSTOMER 80640-332618","US","4E2"
"80640-332943","CUSTOMER 80640-332943","US","4D9"
"80640-335099","CUSTOMER 80640-335099","US","415"
"80640-121332","CUSTOMER 80640-121332","US","4D9"
"80640-338109","CUSTOMER 80640-338109","US","4C1"
"80640-244924","CUSTOMER 80640-244924","US","N/A"
"80640-246212","CUSTOMER 80640-246212","US","4CT"
"80640-249238","CUSTOMER 80640-249238","US","N/A"
"80640-249269","CUSTOMER 80640-249269","US","4C1"
"80640-249473","CUSTOMER 80640-249473","US","N/A"
"80640-363237","CUSTOMER 80640-363237","US","4X4"
"80640-364310","CUSTOMER 80640-364310","US","415"
"80640-364515","CUSTOMER 80640-364515","US","415"
"80640-371934","CUSTOMER 80640-371934","CA","4X4"
"80640-273022","CUSTOMER 80640-273022","US","N/A"
"80640-278991","CUSTOMER 80640-278991","US","4X3"
"80640-288601","CUSTOMER 80640-288601","CA","N/A"
"80640-289001","CUSTOMER 80640-289001","US","4X3"
"80640-293300","CUSTOMER 80640-293300","US","415"
"80640-294769","CUSTOMER 80640-294769","US","4CU"
"00000-12833","CUSTOMER 00000-12833","AT","422"
"00000-122655","CUSTOMER 00000-122655","DE","4F2"
"00000-270238","CUSTOMER 00000-270238","US","4C1"
"00000-304072","CUSTOMER 00000-304072","US","4C1"
"00000-405532","CUSTOMER 00000-405532","US","N/A"
"80640-405532","CUSTOMER 80640-405532","US","4X4"
"00000-407237","CUSTOMER 00000-407237","US","N/A"
"80640-407237","CUSTOMER 80640-407237","US","415"
"00000-411457","CUSTOMER 00000-411457","US","415"
"00000-401495","CUSTOMER 00000-401495","FR","J2I"
"00000-408385","CUSTOMER 00000-408385","US","415"
"80640-408385","CUSTOMER 80640-408385","US","4D9"
"80120-401495","CUSTOMER 80120-401495","FR","J2I"
"80640-411457","CUSTOMER 80640-411457","US","4D5"
"00000-414343","CUSTOMER 00000-414343","US","415"
"00000-414345","CUSTOMER 00000-414345","US","415"
"80640-414343","CUSTOMER 80640-414343","US","4CT"
"80640-414344","CUSTOMER 80640-414344","US","4CT"
"80640-414345","CUSTOMER 80640-414345","US","415"
"00000-414346","CUSTOMER 00000-414346","US","415"
"00000-406387","CUSTOMER 00000-406387","US","N/A"
"00000-402416","CUSTOMER 00000-402416","US","N/A"
"80640-402416","CUSTOMER 80640-402416","US","4X4"
"80640-406387","CUSTOMER 80640-406387","US","N/A"
"00000-296942","CUSTOMER 00000-296942","US","N/A"
"00000-355635","CUSTOMER 00000-355635","DE","448"
"00405-211096","CUSTOMER 00405-211096","IT","A12"
"00040-327915","CUSTOMER 00040-327915","NL","423"
"00040-42241","CUSTOMER 00040-42241","FR","4N1"
"00040-42296","CUSTOMER 00040-42296","FR","4N1"
"00040-329297","CUSTOMER 00040-329297","ES","418"
"00040-329650","CUSTOMER 00040-329650","IT","4N4"
"00040-42337","CUSTOMER 00040-42337","FR","4N1"
"00040-42576","CUSTOMER 00040-42576","IT","499"
"00040-42581","CUSTOMER 00040-42581","IT","499"
"00040-42589","CUSTOMER 00040-42589","IT","499"
"00040-43551","CUSTOMER 00040-43551","FR","4N1"
"00040-239771","CUSTOMER 00040-239771","IT","430"
"00040-247315","CUSTOMER 00040-247315","DE","448"
"80640-265943","CUSTOMER 80640-265943","US","4X4"
"80640-266841","CUSTOMER 80640-266841","US","4G1"
"80640-280572","CUSTOMER 80640-280572","US","4G1"
"00040-183255","CUSTOMER 00040-183255","IT","499"
"00040-255835","CUSTOMER 00040-255835","FR","4N1"
"00040-255837","CUSTOMER 00040-255837","FR","4N1"
"00040-209369","CUSTOMER 00040-209369","IT","4N4"
"00040-259659","CUSTOMER 00040-259659","IT","499"
"00040-270736","CUSTOMER 00040-270736","DE","448"
"00040-272709","CUSTOMER 00040-272709","IT","499"
"00040-220645","CUSTOMER 00040-220645","DE","448"
"00040-222568","CUSTOMER 00040-222568","IT","4N4"
"00040-11500","CUSTOMER 00040-11500","IT","4N4"
"00040-11506","CUSTOMER 00040-11506","IT","4N4"
"00040-11936","CUSTOMER 00040-11936","BE","423"
"00040-121332","CUSTOMER 00040-121332","US","4D1"
"00040-122655","CUSTOMER 00040-122655","DE","448"
"00040-248685","CUSTOMER 00040-248685","IT","499"
"00040-248918","CUSTOMER 00040-248918","IT","499"
"00405-53520","CUSTOMER 00405-53520","IT","A35"
"00405-45887","CUSTOMER 00405-45887","IT","A12"
"00040-42682","CUSTOMER 00040-42682","FR","429"
"00040-42684","CUSTOMER 00040-42684","FR","4N1"
"00040-42686","CUSTOMER 00040-42686","FR","4N1"
"00040-267084","CUSTOMER 00040-267084","FR","430"
"00040-340805","CUSTOMER 00040-340805","IT","4N4"
"00040-273902","CUSTOMER 00040-273902","IT","412"
"80640-650410","CUSTOMER 80640-650410","US","4D1"
"80640-1028028","CUSTOMER 80640-1028028","US","4CT"
"80640-1028029","CUSTOMER 80640-1028029","US","4CS"
"00040-690719","CUSTOMER 00040-690719","FR","4N1"
"80640-821997","CUSTOMER 80640-821997","US","4CS"
"00000-851746","CUSTOMER 00000-851746","US","4CU"
"00000-804072","CUSTOMER 00000-804072","US","4CN"
"80640-829661","CUSTOMER 80640-829661","US","4CT"
"80640-785379","CUSTOMER 80640-785379","CA","4E3"
"80640-794342","CUSTOMER 80640-794342","CA","4D6"
"80640-742666","CUSTOMER 80640-742666","US","4D9"
"00416-207312","CUSTOMER 00416-207312","CA","N/A"
"00416-324198","CUSTOMER 00416-324198","BE","449"
"00416-329650","CUSTOMER 00416-329650","IT","499"
"00416-211021","CUSTOMER 00416-211021","IT","499"
"00416-211096","CUSTOMER 00416-211096","IT","499"
"00416-223500","CUSTOMER 00416-223500","CA","N/A"
"00416-11501","CUSTOMER 00416-11501","IT","499"
"00416-11503","CUSTOMER 00416-11503","IT","499"
"00416-11505","CUSTOMER 00416-11505","IT","499"
"00416-11507","CUSTOMER 00416-11507","IT","499"
"00000-436683","CUSTOMER 00000-436683","US","N/A"
"80640-436683","CUSTOMER 80640-436683","US","4X4"
"00040-436299","CUSTOMER 00040-436299","IT","499"
"00040-436303","CUSTOMER 00040-436303","IT","499"
"00040-436296","CUSTOMER 00040-436296","IT","499"
"00000-267613","CUSTOMER 00000-267613","US","4C1"
"00000-347703","CUSTOMER 00000-347703","US","407"
"00000-347707","CUSTOMER 00000-347707","US","N/A"
"00000-278991","CUSTOMER 00000-278991","US","N/A"
"00000-305580","CUSTOMER 00000-305580","HK","N/A"
"00000-308334","CUSTOMER 00000-308334","US","N/A"
"00000-321449","CUSTOMER 00000-321449","CA","N/A"
"00000-47646","CUSTOMER 00000-47646","IT","3SB"
"00000-67615","CUSTOMER 00000-67615","DE","4F2"
"00000-45887","CUSTOMER 00000-45887","IT","499"
"00000-66309","CUSTOMER 00000-66309","DE","4F2"
"00000-46555","CUSTOMER 00000-46555","DE","4F2"
"00040-66726","CUSTOMER 00040-66726","DE","448"
"00040-67615","CUSTOMER 00040-67615","DE","448"
"00040-82349","CUSTOMER 00040-82349","FR","429"
"00405-1941","CUSTOMER 00405-1941","N/A","N/A"
"00000-319169","CUSTOMER 00000-319169","NL","449"
"00000-313891","CUSTOMER 00000-313891","ES","429"
"00000-314309","CUSTOMER 00000-314309","US","415"
"00000-320450","CUSTOMER 00000-320450","US","N/A"
"00000-302254","CUSTOMER 00000-302254","US","N/A"
"00000-372661","CUSTOMER 00000-372661","US","N/A"
"00000-308902","CUSTOMER 00000-308902","US","N/A"
"80640-743115","CUSTOMER 80640-743115","US","4X4"
"00000-742666","CUSTOMER 00000-742666","US","4CT"
"00040-899197","CUSTOMER 00040-899197","FR","4N1"
"00420-41163","CUSTOMER 00420-41163","IT","431"
"00420-41312","CUSTOMER 00420-41312","IT","431"
"00420-42576","CUSTOMER 00420-42576","IT","431"
"00420-42581","CUSTOMER 00420-42581","IT","431"
"00420-42589","CUSTOMER 00420-42589","IT","431"
"00420-66453","CUSTOMER 00420-66453","IT","431"
"00420-67097","CUSTOMER 00420-67097","IT","431"
"00420-76292","CUSTOMER 00420-76292","IT","431"
"00928-45887","CUSTOMER 00928-45887","IT","430"
"00416-207329","CUSTOMER 00416-207329","CA","4M2"
"00416-209362","CUSTOMER 00416-209362","IT","499"
"00416-217434","CUSTOMER 00416-217434","4NE","499"
"00000-181998","CUSTOMER 00000-181998","US","N/A"
"00000-211021","CUSTOMER 00000-211021","IT","A12"
"00000-211096","CUSTOMER 00000-211096","IT","A12"
"80120-421038","CUSTOMER 80120-421038","FR","J2I"
"00000-421460","CUSTOMER 00000-421460","US","4C1"
"80640-421460","CUSTOMER 80640-421460","US","4C1"
"00000-421841","CUSTOMER 00000-421841","US","407"
"80640-421841","CUSTOMER 80640-421841","US","4CS"
"00000-10872","CUSTOMER 00000-10872","IT","N/A"
"00000-108971","CUSTOMER 00000-108971","DE","4F2"
"80640-460670","CUSTOMER 80640-460670","US","4E2"
"00000-457560","CUSTOMER 00000-457560","US","407"
"80640-457560","CUSTOMER 80640-457560","US","4CS"
"00000-383414","CUSTOMER 00000-383414","IT","499"
"00000-440420","CUSTOMER 00000-440420","US","415"
"80640-440420","CUSTOMER 80640-440420","US","4D9"
"80840-445011","CUSTOMER 80840-445011","DE","N/A"
"00000-209823","CUSTOMER 00000-209823","CA","N/A"
"00000-207312","CUSTOMER 00000-207312","CA","N/A"
"00000-207329","CUSTOMER 00000-207329","CA","N/A"
"00000-206083","CUSTOMER 00000-206083","IT","N/A"
"00000-211681","CUSTOMER 00000-211681","IT","A12"
"00416-45887","CUSTOMER 00416-45887","IT","499"
"00416-53520","CUSTOMER 00416-53520","IT","499"
"00418-207312","CUSTOMER 00418-207312","N/A","N/A"
"00418-207329","CUSTOMER 00418-207329","US","N/A"
"00000-414344","CUSTOMER 00000-414344","US","415"
"80640-414346","CUSTOMER 80640-414346","US","4D5"
"00000-402653","CUSTOMER 00000-402653","US","N/A"
"80640-402653","CUSTOMER 80640-402653","US","415"
"00000-356441","CUSTOMER 00000-356441","US","N/A"
"00000-293300","CUSTOMER 00000-293300","US","N/A"
"00000-362579","CUSTOMER 00000-362579","DE","401"
"00000-362748","CUSTOMER 00000-362748","US","4C1"
"00000-294769","CUSTOMER 00000-294769","US","407"
"00000-364300","CUSTOMER 00000-364300","US","N/A"
"80640-970747","CUSTOMER 80640-970747","US","4D1"
"80640-991843","CUSTOMER 80640-991843","US","4D9"
"00040-649636","CUSTOMER 00040-649636","US","4CR"
"00040-899218","CUSTOMER 00040-899218","FR","4N1"
"80640-933101","CUSTOMER 80640-933101","US","4D1"
"80640-959346","CUSTOMER 80640-959346","US","4D9"
"80640-493437","CUSTOMER 80640-493437","US","4D3"
"80840-498264","CUSTOMER 80840-498264","DE","N/A"
"80640-495181","CUSTOMER 80640-495181","US","4CO"
"00000-496277","CUSTOMER 00000-496277","FR","4F7"
"00000-496260","CUSTOMER 00000-496260","FR","4F7"
"80640-502165","CUSTOMER 80640-502165","US","4D1"
"00000-252856","CUSTOMER 00000-252856","US","4C1"
"80640-503198","CUSTOMER 80640-503198","US","4E2"
"00000-513018","CUSTOMER 00000-513018","US","4C2"
"80640-513023","CUSTOMER 80640-513023","US","4C2"
"80640-513053","CUSTOMER 80640-513053","US","415"
"80640-513021","CUSTOMER 80640-513021","US","407"
"00000-513017","CUSTOMER 00000-513017","US","407"
"00000-513027","CUSTOMER 00000-513027","US","4C1"
"80640-513036","CUSTOMER 80640-513036","US","415"
"80640-513049","CUSTOMER 80640-513049","US","4C1"
"80640-513039","CUSTOMER 80640-513039","US","415"
"80640-508452","CUSTOMER 80640-508452","US","4X3"
"80640-510244","CUSTOMER 80640-510244","US","4X4"
"00000-513052","CUSTOMER 00000-513052","US","415"
"00000-513016","CUSTOMER 00000-513016","US","407"
"80640-513010","CUSTOMER 80640-513010","US","415"
"00000-513008","CUSTOMER 00000-513008","US","415"
"80640-512983","CUSTOMER 80640-512983","US","4CU"
"00000-512992","CUSTOMER 00000-512992","US","407"
"80640-512997","CUSTOMER 80640-512997","US","4X4"
"80640-512999","CUSTOMER 80640-512999","US","4X4"
"00000-512838","CUSTOMER 00000-512838","US","415"
"80640-512838","CUSTOMER 80640-512838","US","415"
"80640-512840","CUSTOMER 80640-512840","US","407"
"80640-512841","CUSTOMER 80640-512841","US","407"
"80640-512839","CUSTOMER 80640-512839","US","407"
"80640-512991","CUSTOMER 80640-512991","US","4C1"
"80640-512978","CUSTOMER 80640-512978","US","415"
"80640-512987","CUSTOMER 80640-512987","US","4CU"
"80640-512988","CUSTOMER 80640-512988","US","407"
"80640-512721","CUSTOMER 80640-512721","US","4C1"
"00000-512831","CUSTOMER 00000-512831","US","4C1"
"80640-512809","CUSTOMER 80640-512809","US","407"
"00000-512829","CUSTOMER 00000-512829","US","407"
"00000-512830","CUSTOMER 00000-512830","US","407"
"00000-512806","CUSTOMER 00000-512806","US","415"
"00000-512834","CUSTOMER 00000-512834","US","415"
"00000-512833","CUSTOMER 00000-512833","US","4C1"
"00000-512837","CUSTOMER 00000-512837","US","4C1"
"00000-510244","CUSTOMER 00000-510244","US","415"
"00000-512712","CUSTOMER 00000-512712","US","407"
"80640-512717","CUSTOMER 80640-512717","US","4X4"
"80640-512710","CUSTOMER 80640-512710","US","407"
"80640-512716","CUSTOMER 80640-512716","US","415"
"00000-512719","CUSTOMER 00000-512719","US","407"
"00000-512707","CUSTOMER 00000-512707","US","4C2"
"00000-512711","CUSTOMER 00000-512711","US","407"
"00000-512718","CUSTOMER 00000-512718","US","415"
"80640-512436","CUSTOMER 80640-512436","US","4X3"
"00000-512817","CUSTOMER 00000-512817","US","415"
"00000-512832","CUSTOMER 00000-512832","US","4C1"
"00000-512827","CUSTOMER 00000-512827","US","415"
"80640-512835","CUSTOMER 80640-512835","US","415"
"80640-512712","CUSTOMER 80640-512712","US","407"
"00000-512717","CUSTOMER 00000-512717","US","415"
"00000-512710","CUSTOMER 00000-512710","US","407"
"00000-512716","CUSTOMER 00000-512716","US","415"
"80640-512719","CUSTOMER 80640-512719","US","407"
"80640-512707","CUSTOMER 80640-512707","US","4C2"
"80640-512711","CUSTOMER 80640-512711","US","407"
"80640-512718","CUSTOMER 80640-512718","US","415"
"00000-512798","CUSTOMER 00000-512798","US","4C1"
"00000-512799","CUSTOMER 00000-512799","US","4C1"
"00000-512804","CUSTOMER 00000-512804","US","415"
"80640-512798","CUSTOMER 80640-512798","US","4C1"
"80640-512804","CUSTOMER 80640-512804","US","415"
"80640-513025","CUSTOMER 80640-513025","US","407"
"80640-513018","CUSTOMER 80640-513018","US","4C2"
"00000-513033","CUSTOMER 00000-513033","US","415"
"00000-513050","CUSTOMER 00000-513050","US","415"
"80640-513054","CUSTOMER 80640-513054","US","4X4"
"00000-513010","CUSTOMER 00000-513010","US","415"
"00000-513013","CUSTOMER 00000-513013","US","4C1"
"80640-513008","CUSTOMER 80640-513008","US","415"
"00000-512983","CUSTOMER 00000-512983","US","407"
"80640-512992","CUSTOMER 80640-512992","US","407"
"00000-512997","CUSTOMER 00000-512997","US","407"
"00000-512999","CUSTOMER 00000-512999","US","407"
"00000-512840","CUSTOMER 00000-512840","US","407"
"00000-512841","CUSTOMER 00000-512841","US","407"
"00000-512839","CUSTOMER 00000-512839","US","407"
"00000-512978","CUSTOMER 00000-512978","US","415"
"00000-512991","CUSTOMER 00000-512991","US","4C1"
"00000-512987","CUSTOMER 00000-512987","US","407"
"00000-512988","CUSTOMER 00000-512988","US","407"
"00000-512842","CUSTOMER 00000-512842","US","407"
"80640-512974","CUSTOMER 80640-512974","US","4C1"
"80640-513006","CUSTOMER 80640-513006","US","415"
"00000-513004","CUSTOMER 00000-513004","US","415"
"00000-308899","CUSTOMER 00000-308899","US","N/A"
"00000-374349","CUSTOMER 00000-374349","US","N/A"
"00000-375955","CUSTOMER 00000-375955","US","N/A"
"00000-371934","CUSTOMER 00000-371934","CA","N/A"
"00000-372160","CUSTOMER 00000-372160","US","N/A"
"00000-47887","CUSTOMER 00000-47887","FR","429"
"00000-48140","CUSTOMER 00000-48140","FR","429"
"00000-48153","CUSTOMER 00000-48153","FR","429"
"00000-66726","CUSTOMER 00000-66726","DE","4F2"
"00000-348389","CUSTOMER 00000-348389","AT","448"
"00000-354346","CUSTOMER 00000-354346","US","N/A"
"00000-348777","CUSTOMER 00000-348777","US","N/A"
"00000-348779","CUSTOMER 00000-348779","US","4C1"
"00000-348780","CUSTOMER 00000-348780","US","N/A"
"00000-338109","CUSTOMER 00000-338109","US","4C1"
"00000-53422","CUSTOMER 00000-53422","FR","429"
"00000-53955","CUSTOMER 00000-53955","FR","429"
"00000-54085","CUSTOMER 00000-54085","DE","4F2"
"00000-54686","CUSTOMER 00000-54686","FR","429"
"00000-54688","CUSTOMER 00000-54688","FR","429"
"80640-651331","CUSTOMER 80640-651331","US","4CO"
"00040-685330","CUSTOMER 00040-685330","HK","4F9"
"00000-651917","CUSTOMER 00000-651917","US","4C2"
"00000-669137","CUSTOMER 00000-669137","US","4C2"
"00000-654891","CUSTOMER 00000-654891","CZ","408"
"00040-654891","CUSTOMER 00040-654891","CZ","4N2"
"00040-632437","CUSTOMER 00040-632437","US","4CS"
"00040-553174","CUSTOMER 00040-553174","N/A","N/A"
"00040-348779","CUSTOMER 00040-348779","N/A","4C2"
"80640-663248","CUSTOMER 80640-663248","CA","4X4"
"00000-663248","CUSTOMER 00000-663248","CA","4CO"
"00000-668804","CUSTOMER 00000-668804","US","4C2"
"00000-666809","CUSTOMER 00000-666809","DE","448"
"80640-647035","CUSTOMER 80640-647035","US","4X4"
"00040-666809","CUSTOMER 00040-666809","DE","448"
"80640-667754","CUSTOMER 80640-667754","US","4D9"
"00000-649636","CUSTOMER 00000-649636","US","4CO"
"00000-661572","CUSTOMER 00000-661572","US","4C2"
"80640-672394","CUSTOMER 80640-672394","CA","4E1"
"80640-543056","CUSTOMER 80640-543056","CA","4D6"
"80640-543894","CUSTOMER 80640-543894","US","4X4"
"80640-549600","CUSTOMER 80640-549600","US","4CS"
"00000-549600","CUSTOMER 00000-549600","US","4CH"
"00000-517505","CUSTOMER 00000-517505","US","4CO"
"80640-615382","CUSTOMER 80640-615382","US","4CT"
"80640-587622","CUSTOMER 80640-587622","US","4CU"
"00000-587622","CUSTOMER 00000-587622","US","4CN"
"00040-348389","CUSTOMER 00040-348389","AT","448"
"00040-379487","CUSTOMER 00040-379487","IT","499"
"00040-381096","CUSTOMER 00040-381096","IT","4N4"
"00040-391550","CUSTOMER 00040-391550","IT","499"
"00040-39276","CUSTOMER 00040-39276","IT","4N4"
"00040-39322","CUSTOMER 00040-39322","DE","448"
"00040-39324","CUSTOMER 00040-39324","DE","448"
"00040-39326","CUSTOMER 00040-39326","DE","448"
"00040-39328","CUSTOMER 00040-39328","DE","448"
"00040-39331","CUSTOMER 00040-39331","DE","448"
"00040-39333","CUSTOMER 00040-39333","DE","448"
"00040-329529","CUSTOMER 00040-329529","ES","418"
"00040-329686","CUSTOMER 00040-329686","ES","418"
"00000-341859","CUSTOMER 00000-341859","US","407"
"00000-329123","CUSTOMER 00000-329123","US","4C1"
"00000-329297","CUSTOMER 00000-329297","ES","N/A"
"00000-270736","CUSTOMER 00000-270736","DE","N/A"
"00000-340805","CUSTOMER 00000-340805","IT","445"
"00401-45887","CUSTOMER 00401-45887","IT","430"
"00090-45887","CUSTOMER 00090-45887","IT","430"
"00040-223500","CUSTOMER 00040-223500","CA","N/A"
"00405-69523","CUSTOMER 00405-69523","IT","A1"
"00420-10277","CUSTOMER 00420-10277","IT","431"
"00416-209369","CUSTOMER 00416-209369","IT","499"
"00420-235094","CUSTOMER 00420-235094","IT","N/A"
"00416-222568","CUSTOMER 00416-222568","IT","499"
"00420-248653","CUSTOMER 00420-248653","IT","431"
"80640-505516","CUSTOMER 80640-505516","US","4D9"
"80640-520313","CUSTOMER 80640-520313","US","4X4"
"80640-209824","CUSTOMER 80640-209824","CA","4CO"
"00000-514762","CUSTOMER 00000-514762","CA","4C2"
"80640-514762","CUSTOMER 80640-514762","CA","4X4"
"00000-505516","CUSTOMER 00000-505516","US","415"
"00000-518561","CUSTOMER 00000-518561","US","407"
"00000-520313","CUSTOMER 00000-520313","US","407"
"80640-523769","CUSTOMER 80640-523769","US","4CU"
"00000-523769","CUSTOMER 00000-523769","US","407"
"00040-525659","CUSTOMER 00040-525659","CZ","4N2"
"00000-525659","CUSTOMER 00000-525659","CZ","408"
"80840-12833","CUSTOMER 80840-12833","AT","422"
"00000-494523","CUSTOMER 00000-494523","US","415"
"00401-11506","CUSTOMER 00401-11506","IT","430"
"00401-39276","CUSTOMER 00401-39276","IT","430"
"00000-40995","CUSTOMER 00000-40995","DE","4F2"
"00000-41006","CUSTOMER 00000-41006","IT","400"
"00000-41312","CUSTOMER 00000-41312","IT","430"
"00000-41717","CUSTOMER 00000-41717","DE","4F2"
"00000-381096","CUSTOMER 00000-381096","IT","445"
"00000-391550","CUSTOMER 00000-391550","IT","430"
"00416-11500","CUSTOMER 00416-11500","IT","499"
"00416-11506","CUSTOMER 00416-11506","IT","499"
"00000-323589","CUSTOMER 00000-323589","CZ","429"
"00000-398207","CUSTOMER 00000-398207","US","N/A"
"00000-398304","CUSTOMER 00000-398304","US","N/A"
"00000-39863","CUSTOMER 00000-39863","DE","422"
"00000-40008","CUSTOMER 00000-40008","FR","429"
"00000-40136","CUSTOMER 00000-40136","FR","429"
"00000-39276","CUSTOMER 00000-39276","IT","430"
"00000-363237","CUSTOMER 00000-363237","US","N/A"
"00000-364310","CUSTOMER 00000-364310","US","4C1"
"00000-364515","CUSTOMER 00000-364515","US","N/A"
"00000-347706","CUSTOMER 00000-347706","US","N/A"
"00000-47568","CUSTOMER 00000-47568","DE","4F2"
"80640-258164","CUSTOMER 80640-258164","US","4CT"
"80640-260438","CUSTOMER 80640-260438","US","4X4"
"80640-274679","CUSTOMER 80640-274679","US","N/A"
"80640-282070","CUSTOMER 80640-282070","US","4D5"
"80640-302254","CUSTOMER 80640-302254","US","4D9"
"80640-308902","CUSTOMER 80640-308902","US","4X4"
"80640-314309","CUSTOMER 80640-314309","US","4D5"
"80640-320450","CUSTOMER 80640-320450","US","415"
"00000-222568","CUSTOMER 00000-222568","IT","N/A"
"00000-223500","CUSTOMER 00000-223500","CA","401"
"00401-11503","CUSTOMER 00401-11503","IT","430"
"00401-11507","CUSTOMER 00401-11507","IT","430"
"00040-54085","CUSTOMER 00040-54085","DE","448"
"00040-54686","CUSTOMER 00040-54686","FR","4N1"
"00040-54688","CUSTOMER 00040-54688","FR","4N1"
"00040-40661","CUSTOMER 00040-40661","DE","448"
"00040-40674","CUSTOMER 00040-40674","DE","448"
"00040-40681","CUSTOMER 00040-40681","DE","448"
"00040-40751","CUSTOMER 00040-40751","DE","448"
"00040-40994","CUSTOMER 00040-40994","DE","448"
"00040-40996","CUSTOMER 00040-40996","DE","448"
"00040-41005","CUSTOMER 00040-41005","DE","448"
"00040-41171","CUSTOMER 00040-41171","IT","499"
"00040-66309","CUSTOMER 00040-66309","DE","448"
"00040-79318","CUSTOMER 00040-79318","DE","448"
"00040-43745","CUSTOMER 00040-43745","FR","4N1"
"00405-211681","CUSTOMER 00405-211681","IT","A12"
"00405-209369","CUSTOMER 00405-209369","IT","A12"
"00040-182677","CUSTOMER 00040-182677","FR","4N1"
"00040-182682","CUSTOMER 00040-182682","FR","4N1"
"00000-41163","CUSTOMER 00000-41163","IT","430"
"00000-43551","CUSTOMER 00000-43551","FR","429"
"00000-43582","CUSTOMER 00000-43582","FR","429"
"00412-218110","CUSTOMER 00412-218110","US","N/A"
"00412-233282","CUSTOMER 00412-233282","US","N/A"
"00412-243073","CUSTOMER 00412-243073","US","N/A"
"00412-244927","CUSTOMER 00412-244927","US","N/A"
"00412-245201","CUSTOMER 00412-245201","US","N/A"
"00416-11871","CUSTOMER 00416-11871","IT","499"
"00416-11936","CUSTOMER 00416-11936","BE","449"
"80640-446659","CUSTOMER 80640-446659","US","4CT"
"00000-444589","CUSTOMER 00000-444589","US","407"
"80640-444589","CUSTOMER 80640-444589","US","4CU"
"00000-440172","CUSTOMER 00000-440172","US","415"
"80640-440172","CUSTOMER 80640-440172","US","4CT"
"80640-450044","CUSTOMER 80640-450044","US","4D9"
"00040-87075","CUSTOMER 00040-87075","FR","4N1"
"00040-47568","CUSTOMER 00040-47568","DE","448"
"00040-53422","CUSTOMER 00040-53422","FR","430"
"00040-53955","CUSTOMER 00040-53955","FR","4N1"
"00040-39863","CUSTOMER 00040-39863","DE","448"
"00040-39928","CUSTOMER 00040-39928","DE","422"
"00040-39953","CUSTOMER 00040-39953","AT","422"
"00040-40008","CUSTOMER 00040-40008","FR","4N1"
"00040-40136","CUSTOMER 00040-40136","FR","4N1"
"00000-335099","CUSTOMER 00000-335099","US","N/A"
"00000-327163","CUSTOMER 00000-327163","IT","445"
"00000-40751","CUSTOMER 00000-40751","DE","4F2"
"00000-40994","CUSTOMER 00000-40994","DE","4F2"
"00000-40996","CUSTOMER 00000-40996","DE","4F2"
"00000-329529","CUSTOMER 00000-329529","ES","401"
"00000-329686","CUSTOMER 00000-329686","ES","401"
"00000-377557","CUSTOMER 00000-377557","US","N/A"
"00000-243073","CUSTOMER 00000-243073","US","N/A"
"00000-250646","CUSTOMER 00000-250646","GB","445"
"00000-250648","CUSTOMER 00000-250648","GB","445"
"00000-245201","CUSTOMER 00000-245201","US","N/A"
"00000-248653","CUSTOMER 00000-248653","IT","430"
"00000-248673","CUSTOMER 00000-248673","IT","430"
"00000-248684","CUSTOMER 00000-248684","IT","430"
"00000-282070","CUSTOMER 00000-282070","US","415"
"00000-289127","CUSTOMER 00000-289127","GB","4M5"
"00000-289134","CUSTOMER 00000-289134","US","N/A"
"00000-255835","CUSTOMER 00000-255835","FR","429"
"00000-255837","CUSTOMER 00000-255837","FR","429"
"00000-274679","CUSTOMER 00000-274679","US","N/A"
"00000-829661","CUSTOMER 00000-829661","US","4CT"
"00040-723425","CUSTOMER 00040-723425","PT","443"
"00601-69523","CUSTOMER 00601-69523","4NE","499"
"00000-779061","CUSTOMER 00000-779061","CA","4CK"
"80640-814136","CUSTOMER 80640-814136","CA","4E3"
"00000-814136","CUSTOMER 00000-814136","CA","4CT"
"80640-758559","CUSTOMER 80640-758559","US","4D9"
"80640-758934","CUSTOMER 80640-758934","US","4X4"
"80640-759608","CUSTOMER 80640-759608","US","4CN"
"00416-266828","CUSTOMER 00416-266828","IT","4M1"
"00416-272709","CUSTOMER 00416-272709","IT","430"
"00416-230077","CUSTOMER 00416-230077","IT","499"
"80640-494523","CUSTOMER 80640-494523","US","415"
"00000-529564","CUSTOMER 00000-529564","US","4CF"
"00000-367794","CUSTOMER 00000-367794","US","4C7"
"00000-540713","CUSTOMER 00000-540713","US","4CO"
"80640-539163","CUSTOMER 80640-539163","US","4CT"
"80640-535804","CUSTOMER 80640-535804","US","4CS"
"00000-535858","CUSTOMER 00000-535858","US","4CC"
"80640-537006","CUSTOMER 80640-537006","US","4CS"
"00000-573570","CUSTOMER 00000-573570","US","4CN"
"80640-574373","CUSTOMER 80640-574373","US","4D9"
"00000-584493","CUSTOMER 00000-584493","US","4CK"
"80640-584493","CUSTOMER 80640-584493","US","4CT"
"00000-543894","CUSTOMER 00000-543894","US","415"
"00000-541040","CUSTOMER 00000-541040","US","4CO"
"80640-573570","CUSTOMER 80640-573570","US","4X4"
"80640-541040","CUSTOMER 80640-541040","US","4X4"
"80640-545516","CUSTOMER 80640-545516","CA","4D6"
"00000-545516","CUSTOMER 00000-545516","CA","4CO"
"80640-546076","CUSTOMER 80640-546076","US","4X4"
"00000-546076","CUSTOMER 00000-546076","US","4C4"
"00946-401495","CUSTOMER 00946-401495","FR","280"
"00040-703897","CUSTOMER 00040-703897","ES","443"
"80640-728589","CUSTOMER 80640-728589","US","4CT"
"80640-343209","CUSTOMER 80640-343209","US","4D1"
"80640-347706","CUSTOMER 80640-347706","US","415"
"80640-226908","CUSTOMER 80640-226908","US","4D9"
"80640-226968","CUSTOMER 80640-226968","US","4D5"
"80640-229076","CUSTOMER 80640-229076","US","415"
"80640-347833","CUSTOMER 80640-347833","US","N/A"
"80640-348777","CUSTOMER 80640-348777","US","4CT"
"80640-348779","CUSTOMER 80640-348779","US","4X4"
"80640-348780","CUSTOMER 80640-348780","US","415"
"80640-354346","CUSTOMER 80640-354346","US","4X4"
"80640-372160","CUSTOMER 80640-372160","US","4G1"
"80640-374349","CUSTOMER 80640-374349","US","4X4"
"80640-375955","CUSTOMER 80640-375955","US","N/A"
"80640-267613","CUSTOMER 80640-267613","US","4E2"
"80640-270238","CUSTOMER 80640-270238","US","4E2"
"80640-282994","CUSTOMER 80640-282994","US","415"
"80640-296942","CUSTOMER 80640-296942","US","N/A"
"00000-12873","CUSTOMER 00000-12873","AT","422"
"00000-12877","CUSTOMER 00000-12877","AT","422"
"00000-226908","CUSTOMER 00000-226908","US","4C1"
"00000-226968","CUSTOMER 00000-226968","US","N/A"
"00000-255827","CUSTOMER 00000-255827","FR","429"
"00000-260438","CUSTOMER 00000-260438","US","4C1"
"00000-63102","CUSTOMER 00000-63102","DE","4F2"
"00000-87075","CUSTOMER 00000-87075","FR","429"
"00000-66453","CUSTOMER 00000-66453","IT","430"
"00000-67097","CUSTOMER 00000-67097","IT","430"
"00000-70533","CUSTOMER 00000-70533","DE","4F2"
"00000-67607","CUSTOMER 00000-67607","DE","4F2"
"80640-335155","CUSTOMER 80640-335155","US","N/A"
"80640-336519","CUSTOMER 80640-336519","US","407"
"80640-341859","CUSTOMER 80640-341859","US","4X4"
"80640-356441","CUSTOMER 80640-356441","US","415"
"80640-358902","CUSTOMER 80640-358902","US","N/A"
"80640-372661","CUSTOMER 80640-372661","US","N/A"
"80640-377557","CUSTOMER 80640-377557","US","415"
"80640-380153","CUSTOMER 80640-380153","CA","4X4"
"80640-388908","CUSTOMER 80640-388908","US","415"
"80640-288600","CUSTOMER 80640-288600","CA","415"
"80640-289134","CUSTOMER 80640-289134","US","4D5"
"80640-292034","CUSTOMER 80640-292034","US","4X4"
"80640-293880","CUSTOMER 80640-293880","US","4X4"
"80640-295569","CUSTOMER 80640-295569","US","415"
"80640-321449","CUSTOMER 80640-321449","CA","4C2"
"80640-233282","CUSTOMER 80640-233282","US","415"
"80640-244927","CUSTOMER 80640-244927","US","4CS"
"80640-252274","CUSTOMER 80640-252274","US","4CS"
"00000-252274","CUSTOMER 00000-252274","US","N/A"
"00000-495181","CUSTOMER 00000-495181","US","4C1"
"00000-489002","CUSTOMER 00000-489002","US","4C1"
"00000-497805","CUSTOMER 00000-497805","US","4C1"
"80640-497805","CUSTOMER 80640-497805","US","4X4"
"00000-498264","CUSTOMER 00000-498264","DE","N/A"
"00000-496298","CUSTOMER 00000-496298","FR","4F7"
"00000-502165","CUSTOMER 00000-502165","US","4C1"
"00000-249121","CUSTOMER 00000-249121","US","4C1"
"00000-503198","CUSTOMER 00000-503198","US","4C1"
"80640-249121","CUSTOMER 80640-249121","US","4X4"
"00000-508452","CUSTOMER 00000-508452","US","4C1"
"00416-69523","CUSTOMER 00416-69523","IT","499"
"00420-117909","CUSTOMER 00420-117909","IT","431"
"00420-183255","CUSTOMER 00420-183255","IT","431"
"00420-41171","CUSTOMER 00420-41171","IT","431"
"00420-227165","CUSTOMER 00420-227165","IT","431"
"80640-398207","CUSTOMER 80640-398207","US","415"
"80640-398304","CUSTOMER 80640-398304","US","4X4"
"80130-181998","CUSTOMER 80130-181998","US","3JB"
"80640-342743","CUSTOMER 80640-342743","US","4X4"
"80640-347703","CUSTOMER 80640-347703","US","4G1"
"80640-347707","CUSTOMER 80640-347707","US","415"
"80640-348781","CUSTOMER 80640-348781","US","4E2"
"80640-361703","CUSTOMER 80640-361703","US","N/A"
"80640-362748","CUSTOMER 80640-362748","US","4E2"
"80640-364300","CUSTOMER 80640-364300","US","415"
"80640-303754","CUSTOMER 80640-303754","US","4D7"
"80640-304072","CUSTOMER 80640-304072","US","4X3"
"80640-308334","CUSTOMER 80640-308334","US","N/A"
"80640-308899","CUSTOMER 80640-308899","US","4X4"
"80640-329123","CUSTOMER 80640-329123","US","4C1"
"80640-218110","CUSTOMER 80640-218110","US","4X4"
"80640-245201","CUSTOMER 80640-245201","US","N/A"
"00000-182677","CUSTOMER 00000-182677","FR","429"
"00000-182682","CUSTOMER 00000-182682","FR","429"
"00000-183255","CUSTOMER 00000-183255","IT","430"
"00040-211681","CUSTOMER 00040-211681","IT","424"
"00040-217510","CUSTOMER 00040-217510","IT","4N4"
"00040-275550","CUSTOMER 00040-275550","CZ","429"
"00040-279943","CUSTOMER 00040-279943","DE","448"
"00040-227165","CUSTOMER 00040-227165","IT","499"
"00040-117909","CUSTOMER 00040-117909","IT","499"
"00040-11871","CUSTOMER 00040-11871","IT","4N4"
"00040-230077","CUSTOMER 00040-230077","IT","4N4"
"00405-11500","CUSTOMER 00405-11500","IT","A3"
"00405-11506","CUSTOMER 00405-11506","IT","A8"
"00000-665661","CUSTOMER 00000-665661","US","4C2"
"00000-685331","CUSTOMER 00000-685331","HK","4F9"
"00000-685330","CUSTOMER 00000-685330","HK","4F9"
"00040-659309","CUSTOMER 00040-659309","CZ","408"
"00000-672394","CUSTOMER 00000-672394","CA","4CT"
"00040-691467","CUSTOMER 00040-691467","PT","443"
"00000-651331","CUSTOMER 00000-651331","US","4CR"
"00040-685331","CUSTOMER 00040-685331","HK","4F9"
"80640-685921","CUSTOMER 80640-685921","US","4E2"
"80640-661572","CUSTOMER 80640-661572","US","4X4"
"80640-659986","CUSTOMER 80640-659986","CA","4D6"
"00040-348777","CUSTOMER 00040-348777","N/A","4CT"
"80640-644312","CUSTOMER 80640-644312","CA","4E1"
"80640-668804","CUSTOMER 80640-668804","US","4X4"
"80640-669137","CUSTOMER 80640-669137","US","4X4"
"80640-643268","CUSTOMER 80640-643268","US","4CR"
"00000-650410","CUSTOMER 00000-650410","US","4CM"
"80640-665661","CUSTOMER 80640-665661","US","4G1"
"00412-226908","CUSTOMER 00412-226908","US","N/A"
"00412-226968","CUSTOMER 00412-226968","US","N/A"
"00412-229076","CUSTOMER 00412-229076","US","N/A"
"00412-244924","CUSTOMER 00412-244924","US","N/A"
"00412-246212","CUSTOMER 00412-246212","US","N/A"
"00412-249238","CUSTOMER 00412-249238","US","N/A"
"00412-249269","CUSTOMER 00412-249269","US","N/A"
"00412-249473","CUSTOMER 00412-249473","US","N/A"
"00416-10277","CUSTOMER 00416-10277","IT","430"
"00040-435055","CUSTOMER 00040-435055","IT","499"
"00040-435127","CUSTOMER 00040-435127","IT","499"
"00416-433455","CUSTOMER 00416-433455","IT","4M1"
"00040-435243","CUSTOMER 00040-435243","NL","423"
"80640-433115","CUSTOMER 80640-433115","US","4CN"
"00000-361703","CUSTOMER 00000-361703","US","N/A"
"00000-368616","CUSTOMER 00000-368616","DE","401"
"00000-357644","CUSTOMER 00000-357644","DE","449"
"00000-358902","CUSTOMER 00000-358902","US","N/A"
"00000-43745","CUSTOMER 00000-43745","FR","429"
"00000-332618","CUSTOMER 00000-332618","US","4C1"
"00000-40661","CUSTOMER 00000-40661","DE","4F2"
"00000-40674","CUSTOMER 00000-40674","DE","4F2"
"00000-40681","CUSTOMER 00000-40681","DE","4F2"
"00000-332943","CUSTOMER 00000-332943","US","4C1"
"00000-41005","CUSTOMER 00000-41005","DE","4F2"
"00000-41171","CUSTOMER 00000-41171","IT","430"
"00000-388908","CUSTOMER 00000-388908","US","N/A"
"00040-118968","CUSTOMER 00040-118968","DE","448"
"00040-209362","CUSTOMER 00040-209362","IT","4N4"
"00040-12833","CUSTOMER 00040-12833","AT","448"
"00040-12877","CUSTOMER 00040-12877","AT","448"
"00040-211021","CUSTOMER 00040-211021","IT","4N4"
"00040-211096","CUSTOMER 00040-211096","IT","4N4"
"00040-217434","CUSTOMER 00040-217434","IT","499"
"00000-233282","CUSTOMER 00000-233282","US","N/A"
"00000-235094","CUSTOMER 00000-235094","IT","N/A"
"00416-267084","CUSTOMER 00416-267084","FR","430"
"80640-423021","CUSTOMER 80640-423021","US","407"
"00000-414965","CUSTOMER 00000-414965","US","406"
"80640-414965","CUSTOMER 80640-414965","US","4C1"
"00000-416025","CUSTOMER 00000-416025","US","415"
"00000-420345","CUSTOMER 00000-420345","CA","N/A"
"80640-420345","CUSTOMER 80640-420345","CA","4C2"
"00000-428775","CUSTOMER 00000-428775","US","415"
"80640-428775","CUSTOMER 80640-428775","US","4CT"
"00416-319169","CUSTOMER 00416-319169","NL","449"
"80131-181998","CUSTOMER 80131-181998","US","JC1"
"00000-230077","CUSTOMER 00000-230077","IT","N/A"
"00000-239771","CUSTOMER 00000-239771","IT","430"
"00000-1941","CUSTOMER 00000-1941","IT","N/A"
"00000-421038","CUSTOMER 00000-421038","FR","J2I"
"00000-423021","CUSTOMER 00000-423021","US","N/A"
"00020-401495","CUSTOMER 00020-401495","FR","280"
"80640-416025","CUSTOMER 80640-416025","US","415"
"00040-197318","CUSTOMER 00040-197318","DE","448"
"00040-11501","CUSTOMER 00040-11501","IT","4N4"
"00040-11503","CUSTOMER 00040-11503","IT","4N4"
"00040-11505","CUSTOMER 00040-11505","IT","4N4"
"00040-11507","CUSTOMER 00040-11507","IT","4N4"
"00303-47646","CUSTOMER 00303-47646","IT","3RB"
"00040-373190","CUSTOMER 00040-373190","GB","408"
"00040-305583","CUSTOMER 00040-305583","HK","4F9"
"00040-313891","CUSTOMER 00040-313891","ES","443"
"00040-319169","CUSTOMER 00040-319169","NL","423"
"00040-323589","CUSTOMER 00040-323589","CZ","4N2"
"00040-327163","CUSTOMER 00040-327163","IT","499"
"00000-329650","CUSTOMER 00000-329650","IT","445"
"00000-342743","CUSTOMER 00000-342743","US","N/A"
"00000-335155","CUSTOMER 00000-335155","US","N/A"
"00000-416276","CUSTOMER 00000-416276","US","407"
"80640-416276","CUSTOMER 80640-416276","US","4G1"
"00040-368616","CUSTOMER 00040-368616","DE","448"
"00040-39279","CUSTOMER 00040-39279","AT","448"
"00040-39280","CUSTOMER 00040-39280","AT","448"
"00040-45887","CUSTOMER 00040-45887","IT","4N4"
"00040-39323","CUSTOMER 00040-39323","DE","448"
"00040-39325","CUSTOMER 00040-39325","DE","448"
"00040-39327","CUSTOMER 00040-39327","DE","448"
"00040-39329","CUSTOMER 00040-39329","DE","448"
"00040-39330","CUSTOMER 00040-39330","DE","448"
"00040-46555","CUSTOMER 00040-46555","DE","448"
"00040-66308","CUSTOMER 00040-66308","DE","448"
"00040-66453","CUSTOMER 00040-66453","IT","499"
"00040-40137","CUSTOMER 00040-40137","FR","4N1"
"00040-248653","CUSTOMER 00040-248653","IT","499"
"00040-248673","CUSTOMER 00040-248673","IT","499"
"00040-248684","CUSTOMER 00040-248684","IT","499"
"00040-250646","CUSTOMER 00040-250646","GB","408"
"00040-250648","CUSTOMER 00040-250648","GB","408"
"00040-67097","CUSTOMER 00040-67097","IT","499"
"00040-67607","CUSTOMER 00040-67607","DE","448"
"00040-305580","CUSTOMER 00040-305580","HK","4F9"
"00040-40995","CUSTOMER 00040-40995","DE","448"
"00040-41006","CUSTOMER 00040-41006","IT","400"
"00040-41163","CUSTOMER 00040-41163","IT","499"
"00040-41312","CUSTOMER 00040-41312","IT","499"
"00000-327915","CUSTOMER 00000-327915","NL","401"
"00000-272709","CUSTOMER 00000-272709","IT","430"
"00000-336519","CUSTOMER 00000-336519","US","N/A"
"00000-273022","CUSTOMER 00000-273022","US","N/A"
"00000-305583","CUSTOMER 00000-305583","HK","4F9"
"00000-513025","CUSTOMER 00000-513025","US","407"
"80640-513013","CUSTOMER 80640-513013","US","4C1"
"80640-513033","CUSTOMER 80640-513033","US","415"
"80640-513050","CUSTOMER 80640-513050","US","415"
"00000-513054","CUSTOMER 00000-513054","US","415"
"80640-513055","CUSTOMER 80640-513055","US","4C1"
"80640-513034","CUSTOMER 80640-513034","US","4C1"
"80640-513046","CUSTOMER 80640-513046","US","415"
"00000-513019","CUSTOMER 00000-513019","US","407"
"80640-512831","CUSTOMER 80640-512831","US","4C1"
"00000-512809","CUSTOMER 00000-512809","US","407"
"00000-512822","CUSTOMER 00000-512822","US","415"
"80640-512829","CUSTOMER 80640-512829","US","407"
"80640-512830","CUSTOMER 80640-512830","US","407"
"80640-512806","CUSTOMER 80640-512806","US","415"
"80640-512822","CUSTOMER 80640-512822","US","4D5"
"80640-512834","CUSTOMER 80640-512834","US","415"
"80640-512837","CUSTOMER 80640-512837","US","4C1"
"80640-512833","CUSTOMER 80640-512833","US","4C1"
"80640-512989","CUSTOMER 80640-512989","US","4C1"
"00000-513003","CUSTOMER 00000-513003","US","415"
"80640-512842","CUSTOMER 80640-512842","US","407"
"00000-512974","CUSTOMER 00000-512974","US","4C1"
"00000-513006","CUSTOMER 00000-513006","US","415"
"80640-513003","CUSTOMER 80640-513003","US","415"
"80640-513004","CUSTOMER 80640-513004","US","415"
"00000-512713","CUSTOMER 00000-512713","US","4C1"
"00000-512715","CUSTOMER 00000-512715","US","415"
"00000-512720","CUSTOMER 00000-512720","US","407"
"80640-512713","CUSTOMER 80640-512713","US","4C1"
"80640-512715","CUSTOMER 80640-512715","US","415"
"80640-512720","CUSTOMER 80640-512720","US","407"
"00000-512721","CUSTOMER 00000-512721","US","4C1"
"80640-512817","CUSTOMER 80640-512817","US","4X4"
"80640-512832","CUSTOMER 80640-512832","US","4C1"
"80640-512827","CUSTOMER 80640-512827","US","415"
"00000-512835","CUSTOMER 00000-512835","US","415"
"00000-513511","CUSTOMER 00000-513511","US","415"
"00000-513055","CUSTOMER 00000-513055","US","4C1"
"00000-513034","CUSTOMER 00000-513034","US","4C1"
"00000-513046","CUSTOMER 00000-513046","US","415"
"80640-513019","CUSTOMER 80640-513019","US","407"
"00000-513023","CUSTOMER 00000-513023","US","4C2"
"00000-513053","CUSTOMER 00000-513053","US","415"
"00000-513021","CUSTOMER 00000-513021","US","407"
"80640-513017","CUSTOMER 80640-513017","US","407"
"80640-513027","CUSTOMER 80640-513027","US","4C1"
"00000-513036","CUSTOMER 00000-513036","US","415"
"00000-513049","CUSTOMER 00000-513049","US","4C1"
"00000-513039","CUSTOMER 00000-513039","US","415"
"80640-513052","CUSTOMER 80640-513052","US","415"
"80640-513016","CUSTOMER 80640-513016","US","407"
"00000-512989","CUSTOMER 00000-512989","US","4C1"
"80640-513511","CUSTOMER 80640-513511","US","4X4"
"00000-512436","CUSTOMER 00000-512436","US","4C1"
"80640-517049","CUSTOMER 80640-517049","US","4X4"
"00000-517049","CUSTOMER 00000-517049","US","4C1"
"80640-518561","CUSTOMER 80640-518561","US","4CS"
"80640-525892","CUSTOMER 80640-525892","US","4D9"
"00000-525892","CUSTOMER 00000-525892","US","4C1"
"80640-523911","CUSTOMER 80640-523911","US","4E2"
"00000-523911","CUSTOMER 00000-523911","US","4C1"
"00401-222568","CUSTOMER 00401-222568","IT","N/A"
"00000-121332","CUSTOMER 00000-121332","US","415"
"00000-303754","CUSTOMER 00000-303754","US","415"
"00000-324198","CUSTOMER 00000-324198","BE","449"
"00000-259659","CUSTOMER 00000-259659","IT","430"
"00000-64563","CUSTOMER 00000-64563","FR","429"
"00000-454568","CUSTOMER 00000-454568","US","415"
"00000-457714","CUSTOMER 00000-457714","US","4C1"
"80640-454568","CUSTOMER 80640-454568","US","4D5"
"80640-457714","CUSTOMER 80640-457714","US","4D9"
"00000-463663","CUSTOMER 00000-463663","US","4C1"
"80640-463663","CUSTOMER 80640-463663","US","4D9"
"80640-529564","CUSTOMER 80640-529564","US","4X4"
"00040-536035","CUSTOMER 00040-536035","IE","408"
"00000-536035","CUSTOMER 00000-536035","IE","4M7"
"80640-367794","CUSTOMER 80640-367794","US","4X4"
"00000-536092","CUSTOMER 00000-536092","US","4C4"
"80640-536092","CUSTOMER 80640-536092","US","4G1"
"80640-540713","CUSTOMER 80640-540713","US","4X4"
"00000-535804","CUSTOMER 00000-535804","US","4CJ"
"80640-535858","CUSTOMER 80640-535858","US","4CS"
"00000-537006","CUSTOMER 00000-537006","US","4C9"
"00000-539163","CUSTOMER 00000-539163","US","4C7"
"00000-574373","CUSTOMER 00000-574373","US","4CM"
"80640-571093","CUSTOMER 80640-571093","US","4D9"
"00405-39276","CUSTOMER 00405-39276","IT","A10"
"00000-209824","CUSTOMER 00000-209824","CA","4C2"
"00000-220989","CUSTOMER 00000-220989","CA","N/A"
"00000-227165","CUSTOMER 00000-227165","IT","430"
"00000-258164","CUSTOMER 00000-258164","US","415"
"00000-244924","CUSTOMER 00000-244924","US","N/A"
"00000-79318","CUSTOMER 00000-79318","DE","4F2"
"00000-64100","CUSTOMER 00000-64100","DE","4F2"
"00000-42241","CUSTOMER 00000-42241","FR","429"
"00000-39279","CUSTOMER 00000-39279","AT","422"
"00000-39280","CUSTOMER 00000-39280","AT","422"
"00000-40137","CUSTOMER 00000-40137","FR","429"
"00000-42296","CUSTOMER 00000-42296","FR","429"
"00000-42337","CUSTOMER 00000-42337","FR","429"
"00000-82349","CUSTOMER 00000-82349","FR","429"
"80640-541449","CUSTOMER 80640-541449","US","4E2"
"00000-543056","CUSTOMER 00000-543056","CA","4CO"
"00000-541449","CUSTOMER 00000-541449","US","4CB"
"00040-549692","CUSTOMER 00040-549692","FR","4N1"
"00000-549692","CUSTOMER 00000-549692","FR","4F7"
"80640-220989","CUSTOMER 80640-220989","CA","4D6"
"00000-550541","CUSTOMER 00000-550541","US","4CN"
"80640-550541","CUSTOMER 80640-550541","US","4X4"
"80640-553174","CUSTOMER 80640-553174","US","4G1"
"00000-553174","CUSTOMER 00000-553174","US","4C4"
"80640-517505","CUSTOMER 80640-517505","US","4D3"
"00040-355635","CUSTOMER 00040-355635","DE","448"
"00040-357644","CUSTOMER 00040-357644","DE","449"
"00040-43582","CUSTOMER 00040-43582","FR","4N1"
"00040-289127","CUSTOMER 00040-289127","GB","408"
"00040-362579","CUSTOMER 00040-362579","DE","448"
"00040-395005","CUSTOMER 00040-395005","ES","443"
"00000-217434","CUSTOMER 00000-217434","IT","499"
"00000-218110","CUSTOMER 00000-218110","US","407"
"00000-209369","CUSTOMER 00000-209369","IT","N/A"
